tow,lat,lon,height,time_sec,time_delta
315636400,43.00416655796351,-78.79059010942308,141.87067736112823,315636.4,0.0
315636500,43.00416655222759,-78.79059010632639,141.87406762691228,315636.5,0.09999999997671694
315636600,43.004166556295935,-78.79059009063089,141.8706889330875,315636.6,0.19999999995343387
315636700,43.00416657687021,-78.79059011700089,141.86727026493116,315636.7,0.29999999998835847
315636800,43.0041665703036,-78.79059010466679,141.86878489180174,315636.8,0.3999999999650754
315636900,43.00416657631952,-78.79059010280872,141.86665349359427,315636.9,0.5
315637000,43.004166570745134,-78.79059012606768,141.86483442144012,315637.0,0.5999999999767169
315637100,43.004166578650974,-78.7905901297125,141.861858369288,315637.1,0.6999999999534339
315637200,43.00416658377812,-78.79059016217745,141.85556439902854,315637.2,0.7999999999883585
315637300,43.00416658697312,-78.790590149128,141.8558560175923,315637.3,0.8999999999650754
315637400,43.00416660308501,-78.79059015748265,141.85415885115964,315637.4,1.0
315637500,43.004166595781335,-78.7905901412052,141.86110729517543,315637.5,1.099999999976717
315637600,43.00416658998441,-78.79059013223933,141.86068258650505,315637.6,1.1999999999534339
315637700,43.00416660239806,-78.7905901299726,141.86576555782696,315637.7,1.2999999999883585
315637800,43.004166597234956,-78.79059013901369,141.8622586438768,315637.8,1.3999999999650754
315637900,43.00416658869678,-78.79059014122805,141.8624278225754,315637.9,1.5
315638000,43.004166588871854,-78.7905901301857,141.864050498104,315638.0,1.599999999976717
315638100,43.00416659840342,-78.79059012211395,141.86242399104947,315638.1,1.6999999999534339
315638200,43.00416658409494,-78.79059012653305,141.86421992916507,315638.2,1.7999999999883585
315638300,43.00416658232132,-78.79059014481099,141.8634061747933,315638.3,1.8999999999650754
315638400,43.004166584512674,-78.79059013439843,141.86323550596734,315638.4,2.0
315638500,43.00416658526112,-78.79059013592688,141.86558803841933,315638.5,2.099999999976717
315638600,43.00416658539693,-78.79059013520829,141.862467769144,315638.6,2.199999999953434
315638700,43.004166565110836,-78.79059015501561,141.8564413646042,315638.7,2.2999999999883585
315638800,43.00416657319765,-78.7905901568855,141.85879641815234,315638.8,2.3999999999650754
315638900,43.00416657783364,-78.79059015317867,141.8582822949658,315638.9,2.5
315639000,43.00416656936565,-78.79059015790835,141.8582945290971,315639.0,2.599999999976717
315639100,43.004166566787276,-78.79059015673589,141.85719745906937,315639.1,2.699999999953434
315639200,43.004166575616395,-78.79059014405141,141.85683185010484,315639.2,2.7999999999883585
315639300,43.00416657428316,-78.79059014878717,141.8574198872981,315639.3,2.8999999999650754
315639400,43.0041665786802,-78.79059016048352,141.8568825997453,315639.4,3.0
315639500,43.00416657133694,-78.79059015086644,141.86040949291626,315639.5,3.099999999976717
315639600,43.004166580532804,-78.79059016147558,141.85695049386663,315639.6,3.199999999953434
315639700,43.00416657767903,-78.79059016116047,141.85408634126574,315639.7,3.2999999999883585
315639800,43.00416657949722,-78.79059016850132,141.85476346639024,315639.8,3.3999999999650754
315639900,43.004166582143995,-78.79059016264242,141.85863062529947,315639.9,3.5
315640000,43.00416657985325,-78.79059016224691,141.85812760922303,315640.0,3.599999999976717
315640100,43.00416658279459,-78.79059016412226,141.85775828264718,315640.1,3.699999999953434
315640200,43.00416658729864,-78.79059016998315,141.8586554430071,315640.2,3.7999999999883585
315640300,43.00416659507016,-78.79059016235865,141.85717455549386,315640.3,3.8999999999650754
315640400,43.00416658894174,-78.79059014994016,141.86012732244896,315640.4,4.0
315640500,43.00416657675563,-78.79059015351913,141.86235584332294,315640.5,4.099999999976717
315640600,43.00416657214126,-78.79059016483146,141.85794457784513,315640.6,4.199999999953434
315640700,43.004166581897024,-78.79059015559783,141.8576802245903,315640.7,4.2999999999883585
315640800,43.004166571628836,-78.79059015702046,141.85934736523242,315640.8,4.399999999965075
315640900,43.00416657547065,-78.7905901438865,141.86046177357096,315640.9,4.5
315641000,43.00416656941327,-78.79059015313763,141.8607442754598,315641.0,4.599999999976717
315641100,43.00416657991333,-78.79059016026696,141.86052959064065,315641.1,4.699999999953434
315641200,43.004166569661784,-78.79059014672403,141.859186603958,315641.2,4.7999999999883585
315641300,43.00416657034196,-78.79059013316913,141.86302807811748,315641.3,4.899999999965075
315641400,43.00416658087076,-78.79059014153819,141.86377348881547,315641.4,5.0
315641500,43.00416658334813,-78.79059013448276,141.86114539723113,315641.5,5.099999999976717
315641600,43.00416657750385,-78.79059013321071,141.8626003395226,315641.6,5.199999999953434
315641700,43.00416658497008,-78.79059012918762,141.85970763234218,315641.7,5.2999999999883585
315641800,43.004166582510244,-78.79059012102076,141.86288634479203,315641.8,5.399999999965075
315641900,43.00416657984075,-78.79059011061298,141.8654636527701,315641.9,5.5
315642000,43.004166579047116,-78.790590118408,141.8650153084025,315642.0,5.599999999976717
315642100,43.00416657909835,-78.79059012085877,141.8610253086502,315642.1,5.699999999953434
315642200,43.00416658368179,-78.79059011025171,141.86199116677025,315642.2,5.7999999999883585
315642300,43.004166586775995,-78.7905901138322,141.8621861254386,315642.3,5.899999999965075
315642400,43.00416658211657,-78.79059011272435,141.86477085532312,315642.4,6.0
315642500,43.00416658340635,-78.79059010818696,141.8623209500639,315642.5,6.099999999976717
315642600,43.00416660321862,-78.79059012046044,141.85923953967685,315642.6,6.199999999953434
315642700,43.00416660549229,-78.7905901167113,141.85979247879476,315642.7,6.2999999999883585
315642800,43.00416658965519,-78.79059011964219,141.86010340690845,315642.8,6.399999999965075
315642900,43.00416658096196,-78.79059012629247,141.86083560732553,315642.9,6.5
315643000,43.00416659459553,-78.79059012388026,141.8559459439466,315643.0,6.599999999976717
315643100,43.00416659837632,-78.79059013255849,141.85655238071863,315643.1,6.699999999953434
315643200,43.00416659564171,-78.79059014305457,141.85490488695694,315643.2,6.7999999999883585
315643300,43.004166596041216,-78.79059013175296,141.85374146017344,315643.3,6.899999999965075
315643400,43.004166597420515,-78.79059013483815,141.854818071468,315643.4,7.0
315643500,43.00416660457968,-78.79059012789331,141.85435155976344,315643.5,7.099999999976717
315643600,43.00416659410321,-78.79059013628216,141.85379260405142,315643.6,7.199999999953434
315643700,43.0041665859717,-78.79059015638688,141.8502885097099,315643.7,7.2999999999883585
315643800,43.00416659898674,-78.79059016757293,141.84821795228598,315643.8,7.399999999965075
315643900,43.00416658721346,-78.79059016070293,141.8523451289772,315643.9,7.5
315644000,43.0041665836072,-78.79059016056773,141.85314423472516,315644.0,7.599999999976717
315644100,43.00416658111763,-78.79059015100363,141.8535882253988,315644.1,7.699999999953434
315644200,43.00416659042352,-78.79059014717885,141.85564177137587,315644.2,7.7999999999883585
315644300,43.00416658427958,-78.79059014331159,141.85873618345636,315644.3,7.899999999965075
315644400,43.0041665658961,-78.79059013911824,141.85964236659817,315644.4,8.0
315644500,43.004166568494504,-78.79059012764347,141.86208248930396,315644.5,8.099999999976717
315644600,43.004166573144126,-78.7905901368422,141.8620040043145,315644.6,8.199999999953434
315644700,43.00416657035472,-78.79059013697761,141.86289809951225,315644.7,8.299999999988358
315644800,43.0041665821427,-78.79059012951943,141.86323008957274,315644.8,8.399999999965075
315644900,43.0041665592086,-78.79059011717062,141.86539590998856,315644.9,8.5
315645000,43.00416655915419,-78.79059011214257,141.86848110299843,315645.0,8.599999999976717
315645100,43.00416655351419,-78.79059010584916,141.87310847277575,315645.1,8.699999999953434
315645200,43.004166564445505,-78.79059008361494,141.86942672212768,315645.2,8.799999999988358
315645300,43.00416655132208,-78.79059009223482,141.87349593566157,315645.3,8.899999999965075
315645400,43.00416656513533,-78.79059008669978,141.8725031307315,315645.4,9.0
315645500,43.00416655960131,-78.7905900842888,141.87320615757034,315645.5,9.099999999976717
315645600,43.00416657327865,-78.79059011562822,141.8643159773683,315645.6,9.199999999953434
315645700,43.004166555685984,-78.7905901148733,141.8678221634596,315645.7,9.299999999988358
315645800,43.00416656034386,-78.79059009767268,141.86769907481008,315645.8,9.399999999965075
315645900,43.004166555474335,-78.79059010154336,141.8665218232927,315645.9,9.5
315646000,43.00416655425954,-78.79059010250931,141.87074692320635,315646.0,9.599999999976717
315646100,43.004166550891824,-78.79059009520573,141.86853155897626,315646.1,9.699999999953434
315646200,43.00416656157067,-78.79059009660126,141.86889992471458,315646.2,9.799999999988358
315646300,43.0041665571981,-78.79059010676524,141.86733564064994,315646.3,9.899999999965075
315646400,43.00416655411176,-78.79059009243683,141.87236153296735,315646.4,10.0
315646500,43.00416655654809,-78.79059008965046,141.8753199493941,315646.5,10.099999999976717
315646600,43.004166558813054,-78.79059008469464,141.8703416516799,315646.6,10.199999999953434
315646700,43.004166571370824,-78.79059008037187,141.8707154486136,315646.7,10.299999999988358
315646800,43.00416656169152,-78.79059011110716,141.86750132593016,315646.8,10.399999999965075
315646900,43.0041665461622,-78.79059012416857,141.86944016115953,315646.9,10.5
315647000,43.004166561380615,-78.79059012939265,141.86682750484186,315647.0,10.599999999976717
315647100,43.00416655994393,-78.79059011103247,141.8672286962778,315647.1,10.699999999953434
315647200,43.00416655605539,-78.79059012420086,141.86311489925532,315647.2,10.799999999988358
315647300,43.00416654846152,-78.79059014367581,141.8607502842052,315647.3,10.899999999965075
315647400,43.00416656862174,-78.7905901444971,141.86059274654974,315647.4,11.0
315647500,43.00416657729173,-78.79059015464333,141.85683742801254,315647.5,11.099999999976717
315647600,43.00416658491484,-78.79059018305189,141.85077505743584,315647.6,11.199999999953434
315647700,43.004166579132274,-78.79059021302952,141.8485857680275,315647.7,11.299999999988358
315647800,43.00416659361253,-78.7905902154873,141.8490567427499,315647.8,11.399999999965075
315647900,43.00416660352985,-78.79059021311745,141.84749245302459,315647.9,11.5
315648000,43.00416659487337,-78.79059021874548,141.84766538233566,315648.0,11.599999999976717
315648100,43.00416659220348,-78.79059022381736,141.84686929107926,315648.1,11.699999999953434
315648200,43.004166597190554,-78.79059020900533,141.84954701644767,315648.2,11.799999999988358
315648300,43.00416660498825,-78.79059020182787,141.84972523532844,315648.3,11.899999999965075
315648400,43.004166598744106,-78.79059020106878,141.84989364471932,315648.4,12.0
315648500,43.0041666067569,-78.79059021235796,141.85136764840524,315648.5,12.099999999976717
315648600,43.00416660198623,-78.79059022340175,141.84255851626878,315648.6,12.199999999953434
315648700,43.00416660414573,-78.7905902150885,141.84332408114383,315648.7,12.299999999988358
315648800,43.004166592010215,-78.79059021808277,141.8425119607189,315648.8,12.399999999965075
315648900,43.004166602811495,-78.7905902146626,141.8462832347491,315648.9,12.5
315649000,43.00416660982839,-78.79059022583198,141.84315831222978,315649.0,12.599999999976717
315649100,43.00416660494644,-78.79059022067683,141.84431295300806,315649.1,12.699999999953434
315649200,43.00416660104621,-78.79059022674366,141.84370856662485,315649.2,12.799999999988358
315649300,43.004166603322226,-78.7905902125482,141.8437809891535,315649.3,12.899999999965075
315649400,43.00416659992079,-78.79059022305577,141.844671370957,315649.4,13.0
315649500,43.0041666075446,-78.79059021949163,141.8414924784765,315649.5,13.099999999976717
315649600,43.00416661512139,-78.79059020881084,141.8454865499077,315649.6,13.199999999953434
315649700,43.00416661134362,-78.79059021185653,141.84386858975913,315649.7,13.299999999988358
315649800,43.0041665999557,-78.79059021181118,141.84770219064285,315649.8,13.399999999965075
315649900,43.004166593046584,-78.79059021395783,141.84552425599887,315649.9,13.5
315650000,43.0041666024903,-78.790590208872,141.8467651721206,315650.0,13.599999999976717
315650100,43.00416660811698,-78.79059020133978,141.84515426725005,315650.1,13.699999999953434
315650200,43.0041666071809,-78.79059019702458,141.84652713762196,315650.2,13.799999999988358
315650300,43.004166609306,-78.79059019367523,141.84772865925584,315650.3,13.899999999965075
315650400,43.00416661013325,-78.79059019128889,141.84804626642807,315650.4,14.0
315650500,43.004166609680865,-78.79059018963532,141.84521441944224,315650.5,14.099999999976717
315650600,43.004166604538426,-78.79059019190134,141.84504119670763,315650.6,14.199999999953434
315650700,43.00416660209557,-78.79059019398775,141.84328649089232,315650.7,14.299999999988358
315650800,43.00416658496534,-78.79059019326789,141.840302297461,315650.8,14.399999999965075
315650900,43.00416658536205,-78.7905902074661,141.84385666751703,315650.9,14.5
315651000,43.00416658861324,-78.7905901961228,141.84366123087108,315651.0,14.599999999976717
315651100,43.00416658066705,-78.79059019897528,141.84132040205247,315651.1,14.699999999953434
315651200,43.004166582990386,-78.79059019083938,141.84480668885107,315651.2,14.799999999988358
315651300,43.00416658512167,-78.79059019920132,141.84391768902313,315651.3,14.899999999965075
315651400,43.004166594851156,-78.7905901826583,141.84149305994796,315651.4,15.0
315651500,43.004166591645635,-78.79059019147229,141.84415122701355,315651.5,15.099999999976717
315651600,43.00416658812705,-78.79059019103731,141.84425733262225,315651.6,15.199999999953434
315651700,43.004166593203514,-78.79059019486071,141.84424486987717,315651.7,15.299999999988358
315651800,43.00416659969932,-78.79059017568309,141.84554485384805,315651.8,15.399999999965075
315651900,43.004166600762936,-78.79059018264519,141.84353134724967,315651.9,15.5
315652000,43.00416660055876,-78.79059018929821,141.84264336830398,315652.0,15.599999999976717
315652100,43.004166601482574,-78.79059018442827,141.84470803158447,315652.1,15.699999999953434
315652200,43.00416661377915,-78.79059017504017,141.84332218509732,315652.2,15.799999999988358
315652300,43.004166603921064,-78.79059016984851,141.84485492343495,315652.3,15.899999999965075
315652400,43.00416660819029,-78.79059018065058,141.84340586314178,315652.4,16.0
315652500,43.00416660584649,-78.79059016759524,141.84554668885718,315652.5,16.099999999976717
315652600,43.00416659549798,-78.79059014604523,141.85553728176367,315652.6,16.199999999953434
315652700,43.00416659538753,-78.79059014724989,141.854511351817,315652.7,16.29999999998836
315652800,43.00416657789624,-78.79059014870158,141.85756202153877,315652.8,16.399999999965075
315652900,43.00416657622533,-78.79059016166674,141.85083867749427,315652.9,16.5
315653000,43.004166591052275,-78.79059016247689,141.84924903019282,315653.0,16.599999999976717
315653100,43.00416658697333,-78.79059016504866,141.85393766469286,315653.1,16.699999999953434
315653200,43.00416659308978,-78.7905901534878,141.8513307833833,315653.2,16.79999999998836
315653300,43.004166588583224,-78.79059015133248,141.85240997091088,315653.3,16.899999999965075
315653400,43.004166585915534,-78.790590159138,141.85264416429294,315653.4,17.0
315653500,43.00416657108322,-78.79059018001536,141.85092025382477,315653.5,17.099999999976717
315653600,43.00416656758943,-78.79059016534066,141.85228471507006,315653.6,17.199999999953434
315653700,43.00416657646333,-78.79059016871197,141.85154436025132,315653.7,17.29999999998836
315653800,43.004166576466005,-78.7905901771778,141.852181601189,315653.8,17.399999999965075
315653900,43.0041665795269,-78.79059016281272,141.85179209438476,315653.9,17.5
315654000,43.00416657550953,-78.79059016796882,141.85396626154827,315654.0,17.599999999976717
315654100,43.0041665723858,-78.790590158705,141.85475707415569,315654.1,17.699999999953434
315654200,43.00416658874302,-78.79059014443449,141.85440490202146,315654.2,17.79999999998836
315654300,43.00416658206112,-78.79059015961428,141.85519376293618,315654.3,17.899999999965075
315654400,43.004166587758775,-78.79059015965224,141.85331808161496,315654.4,18.0
315654500,43.004166590514465,-78.79059014663083,141.85726344254294,315654.5,18.099999999976717
315654600,43.00416658539995,-78.79059014298704,141.85556854471372,315654.6,18.199999999953434
315654700,43.004166584137714,-78.79059013877104,141.85935523475217,315654.7,18.29999999998836
315654800,43.00416658364012,-78.79059013110974,141.85764978867735,315654.8,18.399999999965075
315654900,43.00416659348109,-78.79059013662767,141.85695234597185,315654.9,18.5
315655000,43.00416658545334,-78.790590131994,141.8557206015241,315655.0,18.599999999976717
315655100,43.00416658005373,-78.79059014601758,141.85808674452696,315655.1,18.699999999953434
315655200,43.004166580913896,-78.79059013280299,141.8573948086634,315655.2,18.79999999998836
315655300,43.00416658018905,-78.79059014764316,141.85927247667968,315655.3,18.899999999965075
315655400,43.00416659971131,-78.79059013376927,141.8579268613363,315655.4,19.0
315655500,43.00416658251734,-78.79059013356152,141.8533293351746,315655.5,19.099999999976717
315655600,43.00416658316175,-78.79059012595484,141.85547039180437,315655.6,19.199999999953434
315655700,43.00416658667573,-78.79059016197967,141.85047080556188,315655.7,19.29999999998836
315655800,43.00416659594376,-78.79059014626561,141.851227374525,315655.8,19.399999999965075
315655900,43.00416659677993,-78.79059015655754,141.8511849721426,315655.9,19.5
315656000,43.004166596495764,-78.79059014976352,141.85230398089618,315656.0,19.599999999976717
315656100,43.00416659612851,-78.79059013789283,141.8534206773134,315656.1,19.699999999953434
315656200,43.00416659367251,-78.79059013841436,141.85243504571753,315656.2,19.79999999998836
315656300,43.00416659048411,-78.79059014665388,141.8549599785879,315656.3,19.899999999965075
315656400,43.00416658756067,-78.79059014310629,141.85303042925145,315656.4,20.0
315656500,43.004166599622366,-78.79059015547385,141.8501262868613,315656.5,20.099999999976717
315656600,43.00416660891521,-78.79059013839355,141.8500544540211,315656.6,20.199999999953434
315656700,43.004166605345425,-78.79059014101655,141.8508530662904,315656.7,20.29999999998836
315656800,43.00416659872492,-78.79059012613703,141.8535573824673,315656.8,20.399999999965075
315656900,43.00416660405749,-78.79059013798376,141.85201100492068,315656.9,20.5
315657000,43.00416659877648,-78.7905901324953,141.85205134831833,315657.0,20.599999999976717
315657100,43.00416660902303,-78.79059013632224,141.8506106004179,315657.1,20.699999999953434
315657200,43.004166596467044,-78.79059013081798,141.85370371659678,315657.2,20.79999999998836
315657300,43.00416660662436,-78.7905901216586,141.85391774278142,315657.3,20.899999999965075
315657400,43.00416660525702,-78.790590120869,141.85606245052463,315657.4,21.0
315657500,43.00416660360583,-78.790590136751,141.85731773895978,315657.5,21.099999999976717
315657600,43.004166593106476,-78.79059014869449,141.8559509031932,315657.6,21.199999999953434
315657700,43.004166577383366,-78.79059014295743,141.85478705987964,315657.7,21.29999999998836
315657800,43.0041665884459,-78.79059013837112,141.85293322858308,315657.8,21.399999999965075
315657900,43.00416659407405,-78.7905901381597,141.85186173595926,315657.9,21.5
315658000,43.00416659443562,-78.79059014821831,141.85227230319595,315658.0,21.599999999976717
315658100,43.00416659005735,-78.79059013283265,141.85582353666936,315658.1,21.699999999953434
315658200,43.004166603655335,-78.79059012876762,141.8534687829359,315658.2,21.79999999998836
315658300,43.00416660710203,-78.79059013915598,141.85270037595924,315658.3,21.899999999965075
315658400,43.004166605351706,-78.79059013693654,141.85386901451727,315658.4,22.0
315658500,43.00416660543902,-78.79059014231481,141.85218780900365,315658.5,22.099999999976717
315658600,43.00416661393744,-78.79059013910671,141.85133825506247,315658.6,22.199999999953434
315658700,43.00416661559384,-78.79059011141557,141.85585567678876,315658.7,22.29999999998836
315658800,43.00416660963892,-78.79059012514001,141.85539217759802,315658.8,22.399999999965075
315658900,43.00416661826339,-78.79059011045975,141.85719633974895,315658.9,22.5
315659000,43.00416662741574,-78.790590114003,141.85523884681436,315659.0,22.599999999976717
315659100,43.00416662173383,-78.79059010345635,141.85764952440405,315659.1,22.699999999953434
315659200,43.00416662192351,-78.79059010401028,141.85804606379276,315659.2,22.79999999998836
315659300,43.00416661513685,-78.79059010722214,141.860733563954,315659.3,22.899999999965075
315659400,43.00416662395761,-78.7905901052115,141.85861082851957,315659.4,23.0
315659500,43.00416659988834,-78.7905901375536,141.8544876106747,315659.5,23.099999999976717
315659600,43.004166593993396,-78.79059013117585,141.85604901412023,315659.6,23.199999999953434
315659700,43.004166588148614,-78.79059013219884,141.85188546809016,315659.7,23.29999999998836
315659800,43.0041665909009,-78.79059014317276,141.84982915805165,315659.8,23.399999999965075
315659900,43.004166591283884,-78.79059014774646,141.84975844737883,315659.9,23.5
315660000,43.0041665925387,-78.79059011815103,141.85280744465663,315660.0,23.599999999976717
315660100,43.0041665950663,-78.79059013494303,141.8504506417706,315660.1,23.699999999953434
315660200,43.00416660334682,-78.79059011429881,141.8531416183026,315660.2,23.79999999998836
315660300,43.004166597048496,-78.79059011994713,141.85618291092578,315660.3,23.899999999965075
315660400,43.00416659942184,-78.79059012549942,141.85606441844044,315660.4,24.0
315660500,43.00416659014287,-78.79059015279006,141.8518975400218,315660.5,24.099999999976717
315660600,43.004166596469034,-78.79059016054977,141.85260067068006,315660.6,24.199999999953434
315660700,43.00416659954256,-78.79059015525743,141.85320677833369,315660.7,24.29999999998836
315660800,43.004166593536375,-78.79059014610401,141.8532553962981,315660.8,24.399999999965075
315660900,43.004166608210404,-78.79059015294898,141.84948890854804,315660.9,24.5
315661000,43.004166601122414,-78.79059016198534,141.85087486054968,315661.0,24.599999999976717
315661100,43.00416660305935,-78.79059015306744,141.84960479286852,315661.1,24.699999999953434
315661200,43.0041666034786,-78.79059014045987,141.85476424472805,315661.2,24.79999999998836
315661300,43.00416660918891,-78.79059014238621,141.85115673665877,315661.3,24.899999999965075
315661400,43.004166603541556,-78.79059014226392,141.84972192841857,315661.4,25.0
315661500,43.00416661454127,-78.7905901315779,141.85429631079833,315661.5,25.099999999976717
315661600,43.00416661392156,-78.79059014371306,141.85156091384852,315661.6,25.199999999953434
315661700,43.004166605624725,-78.79059012946881,141.85453856188894,315661.7,25.29999999998836
315661800,43.00416661900864,-78.7905901348025,141.85121175270402,315661.8,25.399999999965075
315661900,43.00416661166577,-78.7905901155035,141.8495033361036,315661.9,25.5
315662000,43.00416661284501,-78.79059013172187,141.8514566243166,315662.0,25.599999999976717
315662100,43.00416661058448,-78.7905901359061,141.85376232408433,315662.1,25.699999999953434
315662200,43.00416660800261,-78.79059012677654,141.8513452651209,315662.2,25.79999999998836
315662300,43.00416661068035,-78.79059011409078,141.8512411568974,315662.3,25.899999999965075
315662400,43.00416662514271,-78.79059011067795,141.85177786103915,315662.4,26.0
315662500,43.004166618950194,-78.79059011826999,141.8509779114027,315662.5,26.099999999976717
315662600,43.00416659968959,-78.79059011911438,141.85059852903163,315662.6,26.199999999953434
315662700,43.00416661135565,-78.79059012879536,141.84542993036177,315662.7,26.29999999998836
315662800,43.004166600575005,-78.79059015245046,141.8469169587613,315662.8,26.399999999965075
315662900,43.00416660717709,-78.7905901578302,141.8442673997981,315662.9,26.5
315663000,43.004166603235326,-78.79059015567996,141.8460440893734,315663.0,26.599999999976717
315663100,43.004166601570645,-78.7905901604097,141.8473564024356,315663.1,26.699999999953434
315663200,43.00416661215007,-78.79059015548431,141.84412600700776,315663.2,26.79999999998836
315663300,43.00416660998536,-78.79059016431175,141.84550501552332,315663.3,26.899999999965075
315663400,43.004166626382485,-78.7905901489664,141.84214039392,315663.4,27.0
315663500,43.004166618741834,-78.79059014851572,141.8474287864714,315663.5,27.099999999976717
315663600,43.0041665956937,-78.7905901700018,141.84559912003942,315663.6,27.199999999953434
315663700,43.004166592888026,-78.79059015401846,141.84516283635264,315663.7,27.29999999998836
315663800,43.0041665979686,-78.79059015376421,141.84510913487748,315663.8,27.399999999965075
315663900,43.004166594879386,-78.79059015574704,141.84673190268097,315663.9,27.5
315664000,43.00416658309722,-78.79059013733666,141.85098976320756,315664.0,27.599999999976717
315664100,43.00416659088539,-78.79059010696223,141.85820694911678,315664.1,27.699999999953434
315664200,43.00416659275966,-78.79059018475701,141.84443958250142,315664.2,27.79999999998836
315664300,43.00416659145161,-78.79059019041298,141.8443366711803,315664.3,27.899999999965075
315664400,43.00416659116149,-78.79059018564806,141.84120266986037,315664.4,28.0
315664500,43.004166597509,-78.79059018688051,141.84350637617732,315664.5,28.099999999976717
315664600,43.00416659894274,-78.79059019804988,141.84650236666852,315664.6,28.199999999953434
315664700,43.00416661264404,-78.7905901838567,141.8440309694295,315664.7,28.29999999998836
315664800,43.004166603782515,-78.79059018176287,141.84141617373004,315664.8,28.399999999965075
315664900,43.004166592048875,-78.79059016057494,141.8477510658426,315664.9,28.5
315665000,43.004166598344696,-78.79059017615822,141.84392168218218,315665.0,28.599999999976717
315665100,43.0041666037813,-78.79059016740263,141.84942731285798,315665.1,28.699999999953434
315665200,43.004166593702735,-78.7905901288662,141.86008598662966,315665.2,28.79999999998836
315665300,43.00416658130285,-78.79059012534205,141.85948389686737,315665.3,28.899999999965075
315665400,43.004166587861675,-78.7905901409517,141.854860843878,315665.4,29.0
315665500,43.00416659391195,-78.79059014002199,141.8511521277428,315665.5,29.099999999976717
315665600,43.00416658159783,-78.79059016963252,141.85016991936456,315665.6,29.199999999953434
315665700,43.00416658838794,-78.79059014983913,141.85094973140488,315665.7,29.29999999998836
315665800,43.00416658374616,-78.79059013553362,141.8520587976019,315665.8,29.399999999965075
315665900,43.00416657699918,-78.79059017535067,141.84437276878336,315665.9,29.5
315666000,43.004166591715354,-78.79059019760304,141.83758610672731,315666.0,29.599999999976717
315666100,43.0041665880241,-78.79059021122208,141.83597619649103,315666.1,29.699999999953434
315666200,43.00416660098915,-78.79059019533818,141.83632323987413,315666.2,29.79999999998836
315666300,43.004166602238605,-78.79059018288096,141.83682854081528,315666.3,29.899999999965075
315666400,43.00416660962509,-78.790590193662,141.83244294648938,315666.4,30.0
315666500,43.00416660418797,-78.79059019917975,141.83550142117494,315666.5,30.099999999976717
315666600,43.004166621794326,-78.79059018327482,141.83514400607137,315666.6,30.199999999953434
315666700,43.00416661068867,-78.79059021617881,141.8338718527859,315666.7,30.29999999998836
315666800,43.004166601006325,-78.79059020406206,141.83719749169018,315666.8,30.399999999965075
315666900,43.00416660112036,-78.79059018650894,141.83886287669492,315666.9,30.5
315667000,43.00416660233754,-78.79059018465017,141.83824703202794,315667.0,30.599999999976717
315667100,43.00416660393352,-78.79059018835015,141.8352861584565,315667.1,30.699999999953434
315667200,43.0041666084427,-78.79059019179226,141.83769346536369,315667.2,30.79999999998836
315667300,43.00416659695004,-78.79059018319136,141.84405594734895,315667.3,30.899999999965075
315667400,43.00416659028859,-78.79059018721682,141.84166040349658,315667.4,31.0
315667500,43.004166589504436,-78.79059022164463,141.8411191206188,315667.5,31.099999999976717
315667600,43.00416661007943,-78.79059021457525,141.84085024990407,315667.6,31.199999999953434
315667700,43.004166603850905,-78.79059019446387,141.8420954937829,315667.7,31.29999999998836
315667800,43.004166599000705,-78.79059020215611,141.83729765804273,315667.8,31.399999999965075
315667900,43.00416661728239,-78.79059021151872,141.83930698284652,315667.9,31.5
315668000,43.004166618773,-78.79059021042761,141.8398737524733,315668.0,31.599999999976717
315668100,43.00416660651967,-78.79059019377124,141.84137685306314,315668.1,31.699999999953434
315668200,43.004166614775556,-78.79059019276421,141.84074914932128,315668.2,31.79999999998836
315668300,43.00416661280905,-78.790590181656,141.84179418292237,315668.3,31.899999999965075
315668400,43.0041666236003,-78.79059019712514,141.8408200505797,315668.4,32.0
315668500,43.00416660931142,-78.79059019517308,141.8389280445653,315668.5,32.09999999997672
315668600,43.00416661232522,-78.79059018543457,141.83779139443166,315668.6,32.199999999953434
315668700,43.004166616540125,-78.79059018149684,141.83827889763927,315668.7,32.29999999998836
315668800,43.004166624796305,-78.7905902028961,141.83567402460403,315668.8,32.399999999965075
315668900,43.004166619888935,-78.79059019788602,141.8373366316802,315668.9,32.5
315669000,43.00416661517259,-78.79059018695698,141.8366659055014,315669.0,32.59999999997672
315669100,43.004166604933,-78.79059018816703,141.83893585194014,315669.1,32.699999999953434
315669200,43.004166615368696,-78.79059015216015,141.84514873843392,315669.2,32.79999999998836
315669300,43.0041666029832,-78.79059014086839,141.84943011652288,315669.3,32.899999999965075
315669400,43.00416659416198,-78.79059014792436,141.8518793503332,315669.4,33.0
315669500,43.00416659203693,-78.79059018275522,141.8483809154706,315669.5,33.09999999997672
315669600,43.004166592927575,-78.79059017580703,141.84850710337975,315669.6,33.199999999953434
315669700,43.00416659739678,-78.79059017127106,141.8493703467395,315669.7,33.29999999998836
315669800,43.00416659834528,-78.7905901666626,141.8452518738579,315669.8,33.399999999965075
315669900,43.004166586470745,-78.79059016586882,141.84306574475644,315669.9,33.5
315670000,43.004166613144356,-78.79059017203177,141.8393893577688,315670.0,33.59999999997672
315670100,43.004166604570216,-78.79059017665797,141.84055586902934,315670.1,33.699999999953434
315670200,43.004166617751885,-78.79059020386697,141.8343142113809,315670.2,33.79999999998836
315670300,43.00416663143753,-78.79059021909376,141.8286663598059,315670.3,33.899999999965075
315670400,43.00416663050025,-78.79059020583965,141.8281531310378,315670.4,34.0
315670500,43.00416662319767,-78.79059018360962,141.8306293545017,315670.5,34.09999999997672
315670600,43.00416661188354,-78.7905901734616,141.83302222550427,315670.6,34.199999999953434
315670700,43.004166591487106,-78.7905901862947,141.84030106736915,315670.7,34.29999999998836
315670800,43.004166586621054,-78.79059018998242,141.84315580043756,315670.8,34.399999999965075
315670900,43.00416658690938,-78.79059017517392,141.84496145518682,315670.9,34.5
315671000,43.004166580621344,-78.79059018527107,141.84533261272378,315671.0,34.59999999997672
315671100,43.00416659537976,-78.79059018421088,141.84532681372784,315671.1,34.699999999953434
315671200,43.004166594456635,-78.79059018422822,141.84315112585438,315671.2,34.79999999998836
315671300,43.00416659417171,-78.79059021025564,141.8388656603917,315671.3,34.899999999965075
315671400,43.00416660121101,-78.79059020341539,141.84361122137858,315671.4,35.0
315671500,43.00416659273674,-78.79059019881942,141.84134091359104,315671.5,35.09999999997672
315671600,43.00416660286015,-78.79059020099321,141.83431412685565,315671.6,35.199999999953434
315671700,43.00416660660357,-78.79059019397232,141.8329434682255,315671.7,35.29999999998836
315671800,43.00416661325608,-78.79059020315428,141.83451234064893,315671.8,35.399999999965075
315671900,43.004166616984676,-78.79059019740477,141.83306352351826,315671.9,35.5
315672000,43.004166610023525,-78.79059018911859,141.83640166456655,315672.0,35.59999999997672
315672100,43.00416660205243,-78.79059019521715,141.83507712363883,315672.1,35.699999999953434
315672200,43.00416660725026,-78.79059020984,141.83254572827252,315672.2,35.79999999998836
315672300,43.00416661502427,-78.79059019248704,141.832691335368,315672.3,35.899999999965075
315672400,43.0041666037467,-78.79059020204717,141.83348366338194,315672.4,36.0
315672500,43.00416658962078,-78.79059021327096,141.83361639848852,315672.5,36.09999999997672
315672600,43.004166600777815,-78.79059020875725,141.8355983666247,315672.6,36.199999999953434
315672700,43.00416658819198,-78.79059022309885,141.83209336548074,315672.7,36.29999999998836
315672800,43.004166581538655,-78.79059020994735,141.836356312113,315672.8,36.399999999965075
315672900,43.00416658609952,-78.79059021161476,141.8335932266659,315672.9,36.5
315673000,43.00416657586379,-78.79059019363874,141.83718238709832,315673.0,36.59999999997672
315673100,43.00416658067789,-78.7905902028662,141.83493622903705,315673.1,36.699999999953434
315673200,43.004166584839425,-78.79059020614598,141.83401314479855,315673.2,36.79999999998836
315673300,43.00416658323997,-78.79059017776613,141.83949767281692,315673.3,36.899999999965075
315673400,43.004166589736904,-78.79059018115417,141.83825467250938,315673.4,37.0
315673500,43.00416658276838,-78.79059019606395,141.83452749030735,315673.5,37.09999999997672
315673600,43.0041665861839,-78.79059019529808,141.83307284610888,315673.6,37.199999999953434
315673700,43.00416658861137,-78.79059018312465,141.83514691730707,315673.7,37.29999999998836
315673800,43.0041665877582,-78.79059018108896,141.83609732328972,315673.8,37.399999999965075
315673900,43.004166598051434,-78.79059016620467,141.84118055646013,315673.9,37.5
315674000,43.00416659804511,-78.79059016780575,141.83821990800013,315674.0,37.59999999997672
315674100,43.004166595120395,-78.79059015924223,141.84118773315853,315674.1,37.699999999953434
315674200,43.00416658753514,-78.79059015867469,141.84145849962195,315674.2,37.79999999998836
315674300,43.00416659206643,-78.79059016107429,141.83997627061723,315674.3,37.899999999965075
315674400,43.00416659617976,-78.79059014133666,141.84074713667567,315674.4,38.0
315674500,43.00416661319124,-78.79059016206031,141.8378018001761,315674.5,38.09999999997672
315674600,43.00416660261649,-78.79059017315406,141.83633064386115,315674.6,38.199999999953434
315674700,43.00416658246026,-78.79059020647273,141.83477556844468,315674.7,38.29999999998836
315674800,43.00416658552522,-78.79059021249749,141.83402628171058,315674.8,38.399999999965075
315674900,43.00416658312617,-78.79059019920224,141.8370581170394,315674.9,38.5
315675000,43.004166583757545,-78.7905901947139,141.83243679846612,315675.0,38.59999999997672
315675100,43.00416657756371,-78.79059021294385,141.83464018067326,315675.1,38.699999999953434
315675200,43.00416658029944,-78.79059019794103,141.83597298471312,315675.2,38.79999999998836
315675300,43.00416657561057,-78.7905902040741,141.83488425805317,315675.3,38.899999999965075
315675400,43.004166586602935,-78.79059018069064,141.83247012127882,315675.4,39.0
315675500,43.004166588262976,-78.79059018461567,141.83276511514123,315675.5,39.09999999997672
315675600,43.00416658455199,-78.7905902083895,141.83161977575028,315675.6,39.199999999953434
315675700,43.004166578185206,-78.7905902100511,141.83274092383172,315675.7,39.29999999998836
315675800,43.00416658569736,-78.79059019184093,141.8352668174179,315675.8,39.399999999965075
315675900,43.00416659128794,-78.79059018883565,141.8332295955862,315675.9,39.5
315676000,43.004166591838214,-78.79059019286844,141.83416896598337,315676.0,39.59999999997672
315676100,43.0041665871363,-78.79059019293682,141.83512536308365,315676.1,39.699999999953434
315676200,43.00416659619193,-78.79059018478002,141.83572620180212,315676.2,39.79999999998836
315676300,43.00416657528908,-78.79059017581429,141.83509971754557,315676.3,39.899999999965075
315676400,43.004166584033776,-78.79059016459203,141.838412593635,315676.4,40.0
315676500,43.00416658220368,-78.79059017595497,141.8352178605682,315676.5,40.09999999997672
315676600,43.004166583159304,-78.7905901729489,141.83660842725473,315676.6,40.199999999953434
315676700,43.00416659368089,-78.79059016086771,141.8356835296991,315676.7,40.29999999998836
315676800,43.0041665821732,-78.79059015279509,141.83646302043317,315676.8,40.399999999965075
315676900,43.00416659397291,-78.79059015229463,141.8345565377846,315676.9,40.5
315677000,43.00416660066403,-78.79059014811176,141.83687212166762,315677.0,40.59999999997672
315677100,43.004166606898856,-78.79059015712104,141.83178444122692,315677.1,40.699999999953434
315677200,43.004166581893756,-78.790590163453,141.83329176168834,315677.2,40.79999999998836
315677300,43.00416658776759,-78.79059014997266,141.8348721616494,315677.3,40.899999999965075
315677400,43.004166599217875,-78.79059013974141,141.834898439539,315677.4,41.0
315677500,43.00416659061687,-78.79059014655058,141.83150912394518,315677.5,41.09999999997672
315677600,43.004166599369114,-78.79059014115957,141.83230815195682,315677.6,41.199999999953434
315677700,43.00416658489612,-78.79059014964213,141.83452477377784,315677.7,41.29999999998836
315677800,43.00416659256588,-78.79059015148624,141.83120081787928,315677.8,41.399999999965075
315677900,43.004166566492316,-78.79059019582301,141.83339885691754,315677.9,41.5
315678000,43.00416657846785,-78.790590192162,141.83150501076406,315678.0,41.59999999997672
315678100,43.00416658063113,-78.7905901969443,141.8295097982079,315678.1,41.699999999953434
315678200,43.00416657808453,-78.79059018284914,141.83152832417537,315678.2,41.79999999998836
315678300,43.00416657829132,-78.79059017688508,141.83191065897043,315678.3,41.899999999965075
315678400,43.004166576989014,-78.79059018424212,141.83327678121395,315678.4,42.0
315678500,43.00416659022807,-78.79059018253726,141.82955728675344,315678.5,42.09999999997672
315678600,43.00416660668464,-78.79059017349181,141.82981258495565,315678.6,42.199999999953434
315678700,43.00416658109056,-78.79059015804644,141.83767054400647,315678.7,42.29999999998836
315678800,43.00416658569831,-78.79059014740398,141.840181110814,315678.8,42.399999999965075
315678900,43.00416657479822,-78.79059015133241,141.83681972854393,315678.9,42.5
315679000,43.00416658336392,-78.79059015259111,141.83706827002027,315679.0,42.59999999997672
315679100,43.00416657698041,-78.79059014690048,141.83508942480333,315679.1,42.699999999953434
315679200,43.00416655992124,-78.79059015001378,141.8360265123949,315679.2,42.79999999998836
315679300,43.00416657271723,-78.7905901537105,141.8363368536661,315679.3,42.899999999965075
315679400,43.00416657550556,-78.790590139434,141.83814652770036,315679.4,43.0
315679500,43.00416658281128,-78.79059014162644,141.83449979863906,315679.5,43.09999999997672
315679600,43.004166587914945,-78.7905901433805,141.8390549386014,315679.6,43.199999999953434
315679700,43.00416657611699,-78.79059013428841,141.84013170196084,315679.7,43.29999999998836
315679800,43.00416657896384,-78.79059013714826,141.83628889391812,315679.8,43.399999999965075
315679900,43.004166571536175,-78.79059013226167,141.8374337874997,315679.9,43.5
315680000,43.004166582572616,-78.79059012228898,141.8357900382516,315680.0,43.59999999997672
315680100,43.004166584849706,-78.79059011637189,141.8386374400221,315680.1,43.699999999953434
315680200,43.00416658282342,-78.79059013288371,141.8358804886893,315680.2,43.79999999998836
315680300,43.00416657914597,-78.79059012633154,141.83755840044265,315680.3,43.899999999965075
315680400,43.00416659955833,-78.79059011399815,141.83412261422305,315680.4,44.0
315680500,43.004166594848606,-78.79059011034433,141.83709232960703,315680.5,44.09999999997672
315680600,43.004166580988354,-78.79059010558073,141.8336952575913,315680.6,44.199999999953434
315680700,43.004166583908464,-78.79059014184378,141.83905241664465,315680.7,44.29999999998836
315680800,43.004166587616695,-78.79059013671053,141.84141444249005,315680.8,44.399999999965075
315680900,43.004166575360045,-78.79059014250392,141.84407437578443,315680.9,44.5
315681000,43.004166571573265,-78.79059015742278,141.84247437601832,315681.0,44.59999999997672
315681100,43.0041665823097,-78.79059014221393,141.83945390640383,315681.1,44.699999999953434
315681200,43.004166581423355,-78.79059014878281,141.84006189153797,315681.2,44.79999999998836
315681300,43.00416658830545,-78.79059014325509,141.84145240217197,315681.3,44.899999999965075
315681400,43.004166570026904,-78.7905901357482,141.84249709074837,315681.4,45.0
315681500,43.004166581060595,-78.79059012830473,141.84257253405858,315681.5,45.09999999997672
315681600,43.00416658812789,-78.79059013906573,141.84264254962517,315681.6,45.199999999953434
315681700,43.00416659318511,-78.7905901240998,141.8414617886267,315681.7,45.29999999998836
315681800,43.004166573842234,-78.79059013995304,141.84273052018656,315681.8,45.399999999965075
315681900,43.00416657445271,-78.79059012066784,141.84527001376065,315681.9,45.5
315682000,43.004166583222165,-78.79059012902009,141.8424679773689,315682.0,45.59999999997672
315682100,43.00416657591685,-78.79059013683691,141.84158543668602,315682.1,45.699999999953434
315682200,43.0041665747832,-78.79059012831245,141.84061757925548,315682.2,45.79999999998836
315682300,43.00416658293012,-78.79059012260765,141.84085344652857,315682.3,45.899999999965075
315682400,43.00416658707359,-78.79059011354859,141.8419288596421,315682.4,46.0
315682500,43.004166602450375,-78.7905901091288,141.84048210946585,315682.5,46.09999999997672
315682600,43.00416659533378,-78.7905901177571,141.84204423737063,315682.6,46.199999999953434
315682700,43.00416660076415,-78.7905901175403,141.83938624421174,315682.7,46.29999999998836
315682800,43.004166595794764,-78.79059012171385,141.84031040730864,315682.8,46.399999999965075
315682900,43.004166589319134,-78.7905901353086,141.84067951653122,315682.9,46.5
315683000,43.00416657733779,-78.79059012401143,141.8416596106194,315683.0,46.59999999997672
315683100,43.00416658347964,-78.79059014231875,141.83823070882633,315683.1,46.699999999953434
315683200,43.00416658807809,-78.7905901296827,141.8383660029805,315683.2,46.79999999998836
315683300,43.004166586734165,-78.79059011721141,141.84069280723637,315683.3,46.899999999965075
315683400,43.004166590170364,-78.79059012493616,141.8403916293987,315683.4,47.0
315683500,43.004166595227126,-78.79059011109224,141.83936448478826,315683.5,47.09999999997672
315683600,43.00416659455436,-78.7905901410673,141.84058891265263,315683.6,47.199999999953434
315683700,43.004166584871825,-78.79059013975154,141.84034970040602,315683.7,47.29999999998836
315683800,43.00416659687232,-78.79059012363068,141.8430310123152,315683.8,47.399999999965075
315683900,43.004166589793606,-78.79059013096146,141.84370397301652,315683.9,47.5
315684000,43.004166586810484,-78.79059012512647,141.843785626366,315684.0,47.59999999997672
315684100,43.00416658178896,-78.79059012840294,141.84222804767043,315684.1,47.699999999953434
315684200,43.00416659298626,-78.79059011621345,141.8455330975952,315684.2,47.79999999998836
315684300,43.004166588500844,-78.79059011559613,141.8424701328346,315684.3,47.899999999965075
315684400,43.00416659451928,-78.79059011323108,141.84407280626277,315684.4,48.0
315684500,43.004166597089586,-78.79059012277968,141.84237231301316,315684.5,48.09999999997672
315684600,43.00416660298394,-78.79059011607066,141.84187044523586,315684.6,48.199999999953434
315684700,43.004166594927796,-78.79059010020761,141.8444749187222,315684.7,48.29999999998836
315684800,43.00416659704017,-78.79059011705718,141.8445171666884,315684.8,48.399999999965075
315684900,43.00416659452281,-78.7905901010504,141.84267070342236,315684.9,48.5
315685000,43.00416658882006,-78.79059011541777,141.8432496440988,315685.0,48.59999999997672
315685100,43.00416658929977,-78.79059010186874,141.84335597145522,315685.1,48.699999999953434
315685200,43.00416660244926,-78.79059009182183,141.8419608879199,315685.2,48.79999999998836
315685300,43.00416659956151,-78.79059009935585,141.84260619111112,315685.3,48.899999999965075
315685400,43.004166598538795,-78.79059009849186,141.84279919117677,315685.4,49.0
315685500,43.00416658985426,-78.7905900961327,141.8423552140027,315685.5,49.09999999997672
315685600,43.004166575963566,-78.7905901233274,141.84586926397577,315685.6,49.199999999953434
315685700,43.00416658105895,-78.79059011062145,141.84610282029874,315685.7,49.29999999998836
315685800,43.00416657572694,-78.79059011626262,141.84757692450225,315685.8,49.399999999965075
315685900,43.00416659160459,-78.7905901292103,141.8432996522436,315685.9,49.5
315686000,43.004166589814034,-78.79059012374725,141.84507538149933,315686.0,49.59999999997672
315686100,43.00416658778744,-78.79059011786254,141.84367136853996,315686.1,49.699999999953434
315686200,43.00416660010595,-78.79059010830333,141.84227835890474,315686.2,49.79999999998836
315686300,43.00416659112375,-78.79059012166141,141.84146862983195,315686.3,49.899999999965075
315686400,43.00416659500216,-78.79059011845695,141.8371795260554,315686.4,50.0
315686500,43.00416659238286,-78.79059010660563,141.8408178292626,315686.5,50.09999999997672
315686600,43.00416657571323,-78.79059012030555,141.8450264450411,315686.6,50.199999999953434
315686700,43.00416657870832,-78.79059013325868,141.84136996329022,315686.7,50.29999999998836
315686800,43.00416656409826,-78.79059012172297,141.84557323581834,315686.8,50.399999999965075
315686900,43.00416657557527,-78.79059011847892,141.84527027905025,315686.9,50.5
315687000,43.004166572567996,-78.79059012900585,141.84227067852385,315687.0,50.59999999997672
315687100,43.00416657131777,-78.79059013876008,141.843653324564,315687.1,50.699999999953434
315687200,43.00416657644856,-78.79059012523328,141.84467640829564,315687.2,50.79999999998836
315687300,43.00416657638364,-78.79059013089294,141.8458407459242,315687.3,50.899999999965075
315687400,43.00416657263898,-78.79059012060713,141.84730332482363,315687.4,51.0
315687500,43.00416658902669,-78.79059012683895,141.8443348221097,315687.5,51.09999999997672
315687600,43.0041665824841,-78.7905901555981,141.84278150706245,315687.6,51.199999999953434
315687700,43.00416658925415,-78.79059014446108,141.8451439221935,315687.7,51.29999999998836
315687800,43.00416659258106,-78.79059015133666,141.84356527912175,315687.8,51.399999999965075
315687900,43.00416659447711,-78.79059013862104,141.84374532119665,315687.9,51.5
315688000,43.00416658938782,-78.79059012625656,141.84530727221153,315688.0,51.59999999997672
315688100,43.004166593226316,-78.79059013920653,141.84336201569164,315688.1,51.699999999953434
315688200,43.00416659384565,-78.79059013816209,141.84557281861407,315688.2,51.79999999998836
315688300,43.00416659265044,-78.79059013698459,141.84519895580448,315688.3,51.899999999965075
315688400,43.004166595628746,-78.79059011958593,141.8479775186038,315688.4,52.0
315688500,43.00416659086711,-78.79059012743929,141.84761889090692,315688.5,52.09999999997672
315688600,43.00416657508816,-78.7905901180293,141.8488130926064,315688.6,52.199999999953434
315688700,43.00416658615331,-78.79059010723755,141.8483863905587,315688.7,52.29999999998836
315688800,43.00416659787783,-78.7905901105914,141.8489828181018,315688.8,52.399999999965075
315688900,43.00416659652639,-78.79059011318131,141.84645663147748,315688.9,52.5
315689000,43.00416658969357,-78.79059011275933,141.84743126174317,315689.0,52.59999999997672
315689100,43.004166596230945,-78.79059010135286,141.84837802879377,315689.1,52.699999999953434
315689200,43.004166587893145,-78.79059010268826,141.8502257471925,315689.2,52.79999999998836
315689300,43.00416660107212,-78.79059011037474,141.84541946982432,315689.3,52.899999999965075
315689400,43.00416659672197,-78.79059011336594,141.84896382578378,315689.4,53.0
315689500,43.004166597319866,-78.79059010646138,141.84771489923347,315689.5,53.09999999997672
315689600,43.004166570472506,-78.79059012388943,141.8466607298848,315689.6,53.199999999953434
315689700,43.004166599630466,-78.7905901261965,141.84451385729105,315689.7,53.29999999998836
315689800,43.004166582203666,-78.79059012062976,141.84751693825476,315689.8,53.399999999965075
315689900,43.004166590605706,-78.7905901300936,141.84332099486687,315689.9,53.5
315690000,43.004166587379444,-78.79059012443074,141.84711943385764,315690.0,53.59999999997672
315690100,43.00416658522969,-78.79059011379803,141.8483104947484,315690.1,53.699999999953434
315690200,43.00416658246441,-78.79059010635444,141.85090260066767,315690.2,53.79999999998836
315690300,43.00416657951,-78.79059010931915,141.84834557309992,315690.3,53.899999999965075
315690400,43.00416659078001,-78.7905900988164,141.8482209521005,315690.4,54.0
315690500,43.004166587797506,-78.790590107201,141.84903662816038,315690.5,54.09999999997672
315690600,43.00416657963335,-78.79059010524334,141.8488670083026,315690.6,54.199999999953434
315690700,43.004166582064606,-78.79059010618947,141.8492921170006,315690.7,54.29999999998836
315690800,43.00416659108626,-78.79059010561494,141.85040040267364,315690.8,54.399999999965075
315690900,43.00416657598784,-78.79059010712538,141.84874221536472,315690.9,54.5
315691000,43.004166579255646,-78.790590103319,141.84725925123564,315691.0,54.59999999997672
315691100,43.004166583083084,-78.79059010382569,141.84838368193053,315691.1,54.699999999953434
315691200,43.00416658596711,-78.79059009357788,141.84930349568796,315691.2,54.79999999998836
315691300,43.00416657901218,-78.79059011488039,141.8487207997275,315691.3,54.899999999965075
315691400,43.00416658039242,-78.79059011384463,141.84250074335276,315691.4,55.0
315691500,43.004166581236056,-78.79059010599227,141.8440913467259,315691.5,55.09999999997672
315691600,43.004166581469846,-78.7905901203259,141.84476402539542,315691.6,55.199999999953434
315691700,43.004166587651156,-78.79059011145637,141.8470904500894,315691.7,55.29999999998836
315691800,43.00416657828964,-78.79059011927218,141.84765381971692,315691.8,55.399999999965075
315691900,43.00416659593513,-78.79059010986494,141.8456040575225,315691.9,55.5
315692000,43.00416658255581,-78.79059011881459,141.84562403328744,315692.0,55.59999999997672
315692100,43.00416659258394,-78.79059010404994,141.84877373512816,315692.1,55.699999999953434
315692200,43.00416657571226,-78.79059011301875,141.85033058533148,315692.2,55.79999999998836
315692300,43.00416659442602,-78.79059008456969,141.84918256044998,315692.3,55.899999999965075
315692400,43.0041665877618,-78.79059009900548,141.84954393708003,315692.4,56.0
315692500,43.004166587314685,-78.79059010285607,141.8494828105554,315692.5,56.09999999997672
315692600,43.004166586000125,-78.79059010465163,141.84835742280572,315692.6,56.199999999953434
315692700,43.00416660315312,-78.79059010389891,141.8470953837716,315692.7,56.29999999998836
315692800,43.004166582178854,-78.79059011324719,141.84769676335247,315692.8,56.399999999965075
315692900,43.004166578449805,-78.79059011419551,141.84491725376674,315692.9,56.5
315693000,43.00416658896463,-78.79059012313647,141.84380861000065,315693.0,56.59999999997672
315693100,43.0041665878734,-78.79059011435774,141.84712292884439,315693.1,56.699999999953434
315693200,43.00416658978956,-78.79059010399367,141.84680677365182,315693.2,56.79999999998836
315693300,43.004166581072056,-78.7905901178272,141.8464101145455,315693.3,56.899999999965075
315693400,43.00416659171642,-78.79059010942134,141.84665561568593,315693.4,57.0
315693500,43.00416658685374,-78.79059011377134,141.8464520465223,315693.5,57.09999999997672
315693600,43.00416658608459,-78.79059011529753,141.84714393980647,315693.6,57.199999999953434
315693700,43.00416658160357,-78.79059011814692,141.84137665637707,315693.7,57.29999999998836
315693800,43.00416657844966,-78.79059011809258,141.83843569217484,315693.8,57.399999999965075
315693900,43.00416657929415,-78.7905901136837,141.84117690136307,315693.9,57.5
315694000,43.004166590114366,-78.7905901189769,141.83946437539913,315694.0,57.59999999997672
315694100,43.004166590328005,-78.79059011549623,141.8408450308154,315694.1,57.699999999953434
315694200,43.004166578411294,-78.79059011229981,141.83924528079964,315694.2,57.79999999998836
315694300,43.00416659182168,-78.79059010921715,141.83653640862846,315694.3,57.899999999965075
315694400,43.004166582915886,-78.7905901049951,141.84006591451526,315694.4,58.0
315694500,43.00416658354828,-78.79059011942337,141.8409020341629,315694.5,58.09999999997672
315694600,43.00416658111122,-78.7905901076053,141.83652086205973,315694.6,58.199999999953434
315694700,43.004166584546226,-78.79059010025507,141.84002551121034,315694.7,58.29999999998836
315694800,43.00416658993491,-78.79059010282113,141.8384331481178,315694.8,58.399999999965075
315694900,43.00416659049694,-78.79059010826462,141.83879334359798,315694.9,58.5
315695000,43.00416659283719,-78.79059009851763,141.8393125144568,315695.0,58.59999999997672
315695100,43.00416657898368,-78.79059009813638,141.84061289939817,315695.1,58.699999999953434
315695200,43.00416658769116,-78.79059009996865,141.84055719820557,315695.2,58.79999999998836
315695300,43.00416659821611,-78.79059010842307,141.8411926353499,315695.3,58.899999999965075
315695400,43.00416659718361,-78.79059009700542,141.83906200512806,315695.4,59.0
315695500,43.00416659555833,-78.7905900894332,141.83995979604168,315695.5,59.09999999997672
315695600,43.004166592625026,-78.79059010246468,141.8390422798918,315695.6,59.199999999953434
315695700,43.004166603827294,-78.7905900934453,141.83640407477188,315695.7,59.29999999998836
315695800,43.004166590149815,-78.79059009895077,141.84204175503478,315695.8,59.399999999965075
315695900,43.00416659931577,-78.79059010060847,141.84141302960157,315695.9,59.5
315696000,43.00416660037848,-78.79059008727835,141.84304503246457,315696.0,59.59999999997672
315696100,43.004166594161475,-78.7905900964644,141.84135739184896,315696.1,59.699999999953434
315696200,43.00416660799501,-78.79059009226455,141.83941356509973,315696.2,59.79999999998836
315696300,43.00416660672198,-78.79059010194642,141.84157699289648,315696.3,59.899999999965075
315696400,43.00416660586009,-78.79059009556681,141.84042814670082,315696.4,60.0
315696500,43.004166587822105,-78.79059010265172,141.8423525207451,315696.5,60.09999999997672
315696600,43.00416658930706,-78.79059009920994,141.84280335645502,315696.6,60.199999999953434
315696700,43.004166592107985,-78.79059009204475,141.8413753979553,315696.7,60.29999999998836
315696800,43.00416659282272,-78.79059009566787,141.84150917989183,315696.8,60.399999999965075
315696900,43.0041665846572,-78.79059008881609,141.8418744852718,315696.9,60.5
315697000,43.004166581655824,-78.79059009039186,141.84197646349065,315697.0,60.59999999997672
315697100,43.00416658656338,-78.79059008361273,141.8404704768994,315697.1,60.699999999953434
315697200,43.00416659847535,-78.79059008976175,141.84181179915902,315697.2,60.79999999998836
315697300,43.00416658313061,-78.79059008981655,141.84322793423036,315697.3,60.899999999965075
315697400,43.00416659338544,-78.79059008798873,141.8395537610048,315697.4,61.0
315697500,43.004166579130654,-78.79059007282211,141.84358596302297,315697.5,61.09999999997672
315697600,43.00416659062642,-78.79059007877451,141.84241162588214,315697.6,61.199999999953434
315697700,43.00416658974416,-78.79059007628811,141.84199889356074,315697.7,61.29999999998836
315697800,43.00416659167118,-78.79059007064222,141.83856820560007,315697.8,61.399999999965075
315697900,43.00416660592528,-78.7905900734217,141.84137684760177,315697.9,61.5
315698000,43.004166605788384,-78.79059006903275,141.84244523870774,315698.0,61.59999999997672
315698100,43.0041665879822,-78.7905900618012,141.84364909428822,315698.1,61.699999999953434
315698200,43.00416658897169,-78.79059007650119,141.84110851182703,315698.2,61.79999999998836
315698300,43.00416659722596,-78.79059007993902,141.84139412827807,315698.3,61.899999999965075
315698400,43.00416659525305,-78.79059008422067,141.84156428407044,315698.4,62.0
315698500,43.00416658696327,-78.7905900702884,141.8437767244195,315698.5,62.09999999997672
315698600,43.004166592521564,-78.79059005987773,141.84301428523239,315698.6,62.199999999953434
315698700,43.00416656708522,-78.79059009865114,141.84259833078846,315698.7,62.29999999998836
315698800,43.004166585039805,-78.79059009741358,141.84113102842025,315698.8,62.399999999965075
315698900,43.00416658366429,-78.79059008924892,141.83865811473888,315698.9,62.5
315699000,43.00416658774341,-78.79059009756224,141.84395816314827,315699.0,62.59999999997672
315699100,43.00416658265088,-78.79059008246016,141.84621838016596,315699.1,62.699999999953434
315699200,43.004166593205674,-78.79059010635677,141.83859190137161,315699.2,62.79999999998836
315699300,43.00416657926929,-78.79059007950185,141.84164418110427,315699.3,62.899999999965075
315699400,43.004166589068014,-78.79059008738646,141.83936465345056,315699.4,63.0
315699500,43.00416659604968,-78.79059008959321,141.83855521553764,315699.5,63.09999999997672
315699600,43.00416658353839,-78.79059010891896,141.84253144542566,315699.6,63.199999999953434
315699700,43.00416656892445,-78.79059011008711,141.84539106933855,315699.7,63.29999999998836
315699800,43.00416657882582,-78.79059013172356,141.84077587970214,315699.8,63.399999999965075
315699900,43.00416657911983,-78.79059011648675,141.8403721774658,315699.9,63.5
315700000,43.00416657852858,-78.79059010615936,141.84592803071305,315700.0,63.59999999997672
315700100,43.00416660350322,-78.79059010770857,141.8425277473932,315700.1,63.699999999953434
315700200,43.004166586982954,-78.79059010295104,141.8423610921579,315700.2,63.79999999998836
315700300,43.00416659944842,-78.79059018964871,141.8326640829482,315700.3,63.899999999965075
315700400,43.00416659689293,-78.79059017811545,141.83251085241577,315700.4,64.0
315700500,43.0041665813728,-78.79059018401855,141.8356051740683,315700.5,64.09999999997672
315700600,43.00416658482712,-78.79059018047309,141.83890270565354,315700.6,64.19999999995343
315700700,43.004166597173665,-78.79059017595175,141.83728931146453,315700.7,64.29999999998836
315700800,43.00416658471641,-78.79059018411155,141.83667191021425,315700.8,64.39999999996508
315700900,43.00416659796105,-78.79059017732588,141.83525206792066,315700.9,64.5
315701000,43.00416659296924,-78.7905901890319,141.83301117669046,315701.0,64.59999999997672
315701100,43.00416659848185,-78.79059018533496,141.83217316905186,315701.1,64.69999999995343
315701200,43.00416660480471,-78.79059018341412,141.83053417601747,315701.2,64.79999999998836
315701300,43.00416661448772,-78.79059018313708,141.82915033237782,315701.3,64.89999999996508
315701400,43.00416660323665,-78.79059018250904,141.8270493854257,315701.4,65.0
315701500,43.00416660381392,-78.79059018802435,141.82736777905222,315701.5,65.09999999997672
315701600,43.004166608650685,-78.79059017916035,141.83088951744722,315701.6,65.19999999995343
315701700,43.0041666116248,-78.79059017927061,141.83164021438407,315701.7,65.29999999998836
315701800,43.004166605784405,-78.79059019016661,141.82950250460246,315701.8,65.39999999996508
315701900,43.00416661226672,-78.79059020055524,141.82713289167788,315701.9,65.5
315702000,43.004166605681974,-78.79059018205102,141.8278126412134,315702.0,65.59999999997672
315702100,43.004166606717185,-78.79059018435923,141.8293273038319,315702.1,65.69999999995343
315702200,43.00416659973177,-78.790590152639,141.8285925004366,315702.2,65.79999999998836
315702300,43.00416661183198,-78.79059017431604,141.8304960194783,315702.3,65.89999999996508
315702400,43.004166599622266,-78.79059017091413,141.83294465700848,315702.4,66.0
315702500,43.00416661208808,-78.79059021232291,141.82622872360884,315702.5,66.09999999997672
315702600,43.0041666154247,-78.79059020107718,141.82982220304555,315702.6,66.19999999995343
315702700,43.0041666121748,-78.79059020690904,141.82809008724595,315702.7,66.29999999998836
315702800,43.004166608167964,-78.79059018363247,141.82788361041062,315702.8,66.39999999996508
315702900,43.00416659940828,-78.79059019792604,141.82543576753332,315702.9,66.5
315703000,43.00416660013921,-78.79059021321028,141.82862262386678,315703.0,66.59999999997672
315703100,43.004166604770376,-78.79059020524387,141.83030519069644,315703.1,66.69999999995343
315703200,43.004166608614945,-78.79059019623298,141.82950023884234,315703.2,66.79999999998836
315703300,43.00416660186727,-78.79059020068595,141.83068512720433,315703.3,66.89999999996508
315703400,43.004166608049196,-78.79059019966256,141.8271844508404,315703.4,67.0
315703500,43.00416661186487,-78.79059019058208,141.83074339705604,315703.5,67.09999999997672
315703600,43.00416659097753,-78.79059019292407,141.8350604612826,315703.6,67.19999999995343
315703700,43.00416661515369,-78.7905901950241,141.83298125531576,315703.7,67.29999999998836
315703800,43.00416660951612,-78.790590200353,141.83660634635697,315703.8,67.39999999996508
315703900,43.004166621351985,-78.79059020102707,141.83148271585932,315703.9,67.5
315704000,43.004166612428314,-78.79059019175148,141.83189926353012,315704.0,67.59999999997672
315704100,43.004166606644624,-78.79059018937939,141.8350027595126,315704.1,67.69999999995343
315704200,43.00416661123999,-78.7905901871671,141.8344259753799,315704.2,67.79999999998836
315704300,43.00416661102749,-78.7905901884943,141.83407132260024,315704.3,67.89999999996508
315704400,43.00416659443666,-78.79059021008243,141.83560205096856,315704.4,68.0
315704500,43.00416661215249,-78.79059020530974,141.83186984776873,315704.5,68.09999999997672
315704600,43.00416660713161,-78.79059018988826,141.83500664540387,315704.6,68.19999999995343
315704700,43.00416660039932,-78.79059019469426,141.83551653515985,315704.7,68.29999999998836
315704800,43.004166595301044,-78.79059018727281,141.8333435179734,315704.8,68.39999999996508
315704900,43.004166596700365,-78.79059019252448,141.83264313029693,315704.9,68.5
315705000,43.004166576702374,-78.7905901721081,141.8386289481275,315705.0,68.59999999997672
315705100,43.004166599760794,-78.79059015846349,141.8342011208099,315705.1,68.69999999995343
315705200,43.0041665969661,-78.79059016239823,141.83515894448604,315705.2,68.79999999998836
315705300,43.00416659911373,-78.79059014480144,141.8361085754311,315705.3,68.89999999996508
315705400,43.00416657872716,-78.79059015710953,141.83310756901608,315705.4,69.0
315705500,43.00416657902447,-78.79059015763251,141.83262815743973,315705.5,69.09999999997672
315705600,43.0041665870247,-78.79059013903962,141.83662022835202,315705.6,69.19999999995343
315705700,43.00416659431913,-78.79059013199614,141.83517487041362,315705.7,69.29999999998836
315705800,43.0041665931706,-78.7905901278342,141.83521637830066,315705.8,69.39999999996508
315705900,43.004166576475875,-78.7905901258387,141.83507877494412,315705.9,69.5
315706000,43.00416658098985,-78.79059010192992,141.84024184878655,315706.0,69.59999999997672
315706100,43.00416657551824,-78.790590104675,141.839117115737,315706.1,69.69999999995343
315706200,43.00416658542092,-78.79059012304714,141.83470635523744,315706.2,69.79999999998836
315706300,43.00416658684625,-78.79059013088718,141.83215695628115,315706.3,69.89999999996508
315706400,43.00416658540135,-78.79059011474432,141.83423991614552,315706.4,70.0
315706500,43.00416659546302,-78.79059011713956,141.83518025683816,315706.5,70.09999999997672
315706600,43.004166602276555,-78.79059011251476,141.83562635815048,315706.6,70.19999999995343
315706700,43.004166585280046,-78.79059012585054,141.83743107968598,315706.7,70.29999999998836
315706800,43.004166596883955,-78.79059015995831,141.83382188101743,315706.8,70.39999999996508
315706900,43.00416660129941,-78.79059014158047,141.83554350574445,315706.9,70.5
315707000,43.00416659664602,-78.7905901442695,141.83371723419597,315707.0,70.59999999997672
315707100,43.00416658030162,-78.79059014968465,141.83665062382588,315707.1,70.69999999995343
315707200,43.0041665949516,-78.79059016022651,141.83106726659778,315707.2,70.79999999998836
315707300,43.004166592169135,-78.79059017702805,141.82781223915242,315707.3,70.89999999996508
315707400,43.0041666020857,-78.79059017042319,141.82697791155184,315707.4,71.0
315707500,43.00416660349872,-78.79059018921127,141.82462953857438,315707.5,71.09999999997672
315707600,43.00416659866493,-78.79059017916971,141.8300753282756,315707.6,71.19999999995343
315707700,43.004166595005756,-78.7905901728122,141.83086113027304,315707.7,71.29999999998836
315707800,43.004166595264515,-78.79059018189119,141.82910212118145,315707.8,71.39999999996508
315707900,43.00416659940785,-78.79059016870801,141.82806829531015,315707.9,71.5
315708000,43.00416660960715,-78.79059016250683,141.82951309076464,315708.0,71.59999999997672
315708100,43.004166586107566,-78.79059015918774,141.83285891145283,315708.1,71.69999999995343
315708200,43.00416658139515,-78.79059017447095,141.8275738084668,315708.2,71.79999999998836
315708300,43.004166590735,-78.79059016806391,141.82350092030845,315708.3,71.89999999996508
315708400,43.00416658922972,-78.79059015893641,141.8256468160692,315708.4,72.0
315708500,43.00416659647453,-78.79059015399613,141.82847238086043,315708.5,72.09999999997672
315708600,43.004166602261385,-78.79059016293877,141.83324575248227,315708.6,72.19999999995343
315708700,43.00416659323888,-78.79059017142563,141.83214488275354,315708.7,72.29999999998836
315708800,43.00416660513777,-78.79059017516123,141.8303681310725,315708.8,72.39999999996508
315708900,43.004166597465954,-78.79059016228643,141.83184459420656,315708.9,72.5
315709000,43.004166592756484,-78.79059016598858,141.83315403593843,315709.0,72.59999999997672
315709100,43.00416660367082,-78.79059018305523,141.83024299278512,315709.1,72.69999999995343
315709200,43.00416660510192,-78.79059019421273,141.82829597599317,315709.2,72.79999999998836
315709300,43.00416659560415,-78.79059016287071,141.83286094647517,315709.3,72.89999999996508
315709400,43.00416660755264,-78.79059016929176,141.82956398343023,315709.4,73.0
315709500,43.00416659134398,-78.7905901768921,141.8291619033479,315709.5,73.09999999997672
315709600,43.00416660398997,-78.79059017301455,141.8268636283506,315709.6,73.19999999995343
315709700,43.004166609792435,-78.79059015142865,141.82911161793652,315709.7,73.29999999998836
315709800,43.00416659054651,-78.79059015265301,141.8342718177033,315709.8,73.39999999996508
315709900,43.00416659519377,-78.79059014956125,141.829989176844,315709.9,73.5
315710000,43.00416659888988,-78.79059015318128,141.832044341698,315710.0,73.59999999997672
315710100,43.004166598222625,-78.7905901476584,141.83105295061907,315710.1,73.69999999995343
315710200,43.00416661000206,-78.79059015450808,141.83218741397977,315710.2,73.79999999998836
315710300,43.004166606698256,-78.79059015687102,141.83032262587952,315710.3,73.89999999996508
315710400,43.00416660735499,-78.79059013468292,141.82921210783698,315710.4,74.0
315710500,43.004166589375174,-78.79059016116486,141.83722105931653,315710.5,74.09999999997672
315710600,43.00416661376935,-78.79059015512667,141.83124610514125,315710.6,74.19999999995343
315710700,43.00416660923398,-78.79059015586334,141.83125088964354,315710.7,74.29999999998836
315710800,43.00416660107447,-78.79059013518699,141.83595108390276,315710.8,74.39999999996508
315710900,43.00416660078293,-78.7905901349374,141.83716992227684,315710.9,74.5
315711000,43.004166604864096,-78.79059013401046,141.83776338797034,315711.0,74.59999999997672
315711100,43.00416660428019,-78.79059012438005,141.83696956479028,315711.1,74.69999999995343
315711200,43.00416660598481,-78.79059012467563,141.83961273145385,315711.2,74.79999999998836
315711300,43.004166609695794,-78.79059011866403,141.83711088165867,315711.3,74.89999999996508
315711400,43.00416661625644,-78.79059010409611,141.8397046744724,315711.4,75.0
315711500,43.0041666082525,-78.7905901207896,141.8375586721934,315711.5,75.09999999997672
315711600,43.00416660243723,-78.79059013181555,141.83794396485533,315711.6,75.19999999995343
315711700,43.00416658333145,-78.79059013205605,141.83825482123916,315711.7,75.29999999998836
315711800,43.004166592450325,-78.79059012317073,141.83775108998108,315711.8,75.39999999996508
315711900,43.00416658633593,-78.79059012371336,141.83883155502386,315711.9,75.5
315712000,43.00416658718275,-78.79059011869637,141.84139744804935,315712.0,75.59999999997672
315712100,43.00416659215724,-78.79059012539177,141.8366563176377,315712.1,75.69999999995343
315712200,43.004166588278146,-78.7905901073637,141.84005982696434,315712.2,75.79999999998836
315712300,43.00416660194827,-78.7905901094611,141.83844617140497,315712.3,75.89999999996508
315712400,43.00416659530778,-78.79059010410293,141.84487591735237,315712.4,76.0
315712500,43.00416659653347,-78.7905900963711,141.84352313879262,315712.5,76.09999999997672
315712600,43.004166577999776,-78.79059009648303,141.84704740495212,315712.6,76.19999999995343
315712700,43.004166581635914,-78.79059010643982,141.84727738924596,315712.7,76.29999999998836
315712800,43.00416657943017,-78.79059010735725,141.84383298873246,315712.8,76.39999999996508
315712900,43.00416659756852,-78.79059010738604,141.8452829198399,315712.9,76.5
315713000,43.0041666014088,-78.79059009218896,141.85035881209996,315713.0,76.59999999997672
315713100,43.00416658932023,-78.79059006036073,141.85184061846417,315713.1,76.69999999995343
315713200,43.00416659200063,-78.79059005871943,141.85485183432158,315713.2,76.79999999998836
315713300,43.00416658467483,-78.79059005904334,141.85082185798572,315713.3,76.89999999996508
315713400,43.00416658725373,-78.79059005843992,141.85490101247626,315713.4,77.0
315713500,43.004166584112795,-78.79059006975257,141.8552129486297,315713.5,77.09999999997672
315713600,43.00416659127472,-78.79059008287051,141.8534964976258,315713.6,77.19999999995343
315713700,43.004166588922054,-78.79059005920023,141.8529065008346,315713.7,77.29999999998836
315713800,43.00416656688573,-78.79059008167619,141.85290051618296,315713.8,77.39999999996508
315713900,43.00416655663608,-78.79059009544032,141.85017638975728,315713.9,77.5
315714000,43.00416657054574,-78.79059008885287,141.8517356645583,315714.0,77.59999999997672
315714100,43.00416656917631,-78.79059009003775,141.85123140808548,315714.1,77.69999999995343
315714200,43.00416657364369,-78.79059008657602,141.8483672044108,315714.2,77.79999999998836
315714300,43.00416656774066,-78.79059009016899,141.84902294417665,315714.3,77.89999999996508
315714400,43.0041665780361,-78.79059008083935,141.85245397020373,315714.4,78.0
315714500,43.004166565051726,-78.79059008391508,141.85111430691381,315714.5,78.09999999997672
315714600,43.004166582631555,-78.79059008066261,141.85054466682936,315714.6,78.19999999995343
315714700,43.00416658093733,-78.79059007890208,141.8528219630153,315714.7,78.29999999998836
315714800,43.00416657967563,-78.79059007060127,141.85092784810698,315714.8,78.39999999996508
315714900,43.004166570060036,-78.79059006886447,141.8546142385369,315714.9,78.5
315715000,43.00416657812798,-78.79059006520059,141.85124738376967,315715.0,78.59999999997672
315715100,43.00416658428374,-78.79059008150823,141.85269165826148,315715.1,78.69999999995343
315715200,43.00416657468549,-78.79059007518931,141.85564923869538,315715.2,78.79999999998836
315715300,43.00416658404468,-78.79059005612704,141.85420144455182,315715.3,78.89999999996508
315715400,43.004166581576634,-78.79059006448732,141.8552648182625,315715.4,79.0
315715500,43.00416657484531,-78.79059005365065,141.85607709295684,315715.5,79.09999999997672
315715600,43.004166587089294,-78.79059006584843,141.85362069497813,315715.6,79.19999999995343
315715700,43.004166567207605,-78.79059006524774,141.85615205454982,315715.7,79.29999999998836
315715800,43.00416655951477,-78.79059005052564,141.8539433973445,315715.8,79.39999999996508
315715900,43.0041665655589,-78.79059004929354,141.85332580030118,315715.9,79.5
315716000,43.004166559743915,-78.79059004982331,141.8590086646894,315716.0,79.59999999997672
315716100,43.004166575777276,-78.79059006338082,141.85833672339945,315716.1,79.69999999995343
315716200,43.00416658084335,-78.79059006345669,141.85289266482036,315716.2,79.79999999998836
315716300,43.004166584879165,-78.79059006313129,141.8514593540385,315716.3,79.89999999996508
315716400,43.004166584210964,-78.79059006791195,141.85365560686037,315716.4,80.0
315716500,43.004166578471576,-78.79059006900779,141.8574133773993,315716.5,80.09999999997672
315716600,43.004166599188096,-78.79059007524748,141.8498486587324,315716.6,80.19999999995343
315716700,43.004166598883074,-78.79059007514682,141.84613598278534,315716.7,80.29999999998836
315716800,43.00416659527228,-78.79059009030726,141.84657299472693,315716.8,80.39999999996508
315716900,43.00416660072665,-78.79059007562999,141.8484324598661,315716.9,80.5
315717000,43.00416660496967,-78.79059006923679,141.85193331717238,315717.0,80.59999999997672
315717100,43.00416659891604,-78.79059007375153,141.84992014135858,315717.1,80.69999999995343
315717200,43.00416660134754,-78.79059005599309,141.8514863365111,315717.2,80.79999999998836
315717300,43.004166596161554,-78.79059005456023,141.85191451610012,315717.3,80.89999999996508
315717400,43.0041666009033,-78.79059006244435,141.8512944865295,315717.4,81.0
315717500,43.00416659309591,-78.7905900643079,141.85302905792824,315717.5,81.09999999997672
315717600,43.004166588871364,-78.79059004895055,141.8536321851674,315717.6,81.19999999995343
315717700,43.00416656995252,-78.79059006253321,141.85920482333051,315717.7,81.29999999998836
315717800,43.00416657639239,-78.79059005514496,141.86028818421468,315717.8,81.39999999996508
315717900,43.0041665720285,-78.7905900629774,141.8575759498933,315717.9,81.5
315718000,43.00416656109928,-78.79059007737257,141.85956769613267,315718.0,81.59999999997672
315718100,43.00416655276502,-78.79059007300151,141.85840930136064,315718.1,81.69999999995343
315718200,43.00416657421451,-78.79059005574508,141.86150867797022,315718.2,81.79999999998836
315718300,43.00416658559592,-78.7905900756007,141.8616273628391,315718.3,81.89999999996508
315718400,43.0041665705227,-78.79059004724151,141.86162882862556,315718.4,82.0
315718500,43.0041665769759,-78.79059005674875,141.85882055566702,315718.5,82.09999999997672
315718600,43.00416655816506,-78.79059005807783,141.85866390481323,315718.6,82.19999999995343
315718700,43.00416655584481,-78.79059008153413,141.8531667885776,315718.7,82.29999999998836
315718800,43.00416656798951,-78.79059008817698,141.85248070501672,315718.8,82.39999999996508
315718900,43.00416656278432,-78.79059008985121,141.8470299990833,315718.9,82.5
315719000,43.00416657805285,-78.79059006802794,141.8526877391641,315719.0,82.59999999997672
315719100,43.00416658234676,-78.7905900711547,141.8523081096941,315719.1,82.69999999995343
315719200,43.004166591466756,-78.79059008208233,141.84998347290403,315719.2,82.79999999998836
315719300,43.004166591766264,-78.7905900728845,141.8506750493698,315719.3,82.89999999996508
315719400,43.0041665806173,-78.79059007516085,141.849845806852,315719.4,83.0
315719500,43.004166577251375,-78.79059006614337,141.850972086958,315719.5,83.09999999997672
315719600,43.004166600260135,-78.79059005943945,141.85049616963707,315719.6,83.19999999995343
315719700,43.00416660496642,-78.79059007551584,141.8461241792187,315719.7,83.29999999998836
315719800,43.00416660412081,-78.79059009361396,141.84437156493175,315719.8,83.39999999996508
315719900,43.004166600811125,-78.79059008805073,141.84335968155057,315719.9,83.5
315720000,43.004166610156844,-78.79059007956546,141.84130456995675,315720.0,83.59999999997672
315720100,43.00416659885319,-78.79059007768691,141.8455279081951,315720.1,83.69999999995343
315720200,43.00416659568581,-78.79059008134921,141.84640176007488,315720.2,83.79999999998836
315720300,43.00416660184655,-78.790590056117,141.84796169377012,315720.3,83.89999999996508
315720400,43.0041666021962,-78.7905900568625,141.8516211800972,315720.4,84.0
315720500,43.00416660449695,-78.79059006751841,141.84619256799567,315720.5,84.09999999997672
315720600,43.004166600493186,-78.79059005838829,141.84515896047887,315720.6,84.19999999995343
315720700,43.0041665991263,-78.79059005182935,141.84940269627378,315720.7,84.29999999998836
315720800,43.00416660045371,-78.79059005039029,141.84804888422187,315720.8,84.39999999996508
315720900,43.00416659961318,-78.79059003820902,141.84841411801966,315720.9,84.5
315721000,43.00416656385596,-78.79059007390792,141.85222474556417,315721.0,84.59999999997672
315721100,43.00416656090824,-78.7905900847895,141.85071421355659,315721.1,84.69999999995343
315721200,43.00416655964786,-78.79059006281256,141.85369023259562,315721.2,84.79999999998836
315721300,43.00416655581894,-78.79059006958978,141.8519670470613,315721.3,84.89999999996508
315721400,43.00416654707765,-78.79059006416743,141.85539028287835,315721.4,85.0
315721500,43.00416656572467,-78.79059009488849,141.85034773640967,315721.5,85.09999999997672
315721600,43.00416655779475,-78.79059008860297,141.84920271154442,315721.6,85.19999999995343
315721700,43.00416654852799,-78.79059008126127,141.85291311756862,315721.7,85.29999999998836
315721800,43.00416655326351,-78.79059007286989,141.8535030268535,315721.8,85.39999999996508
315721900,43.004166571852224,-78.79059008732997,141.8514996264835,315721.9,85.5
315722000,43.004166572731116,-78.79059009327206,141.84435297317282,315722.0,85.59999999997672
315722100,43.00416656124007,-78.79059008086071,141.84871826172008,315722.1,85.69999999995343
315722200,43.00416655858071,-78.79059008925648,141.84697451221126,315722.2,85.79999999998836
315722300,43.00416656283824,-78.79059009262092,141.8485154812831,315722.3,85.89999999996508
315722400,43.00416656775912,-78.79059008253833,141.84938751312117,315722.4,86.0
315722500,43.00416655806653,-78.7905900655605,141.84913633780224,315722.5,86.09999999997672
315722600,43.0041665656543,-78.7905900810754,141.84860612260852,315722.6,86.19999999995343
315722700,43.00416657604689,-78.7905900864315,141.8460181075055,315722.7,86.29999999998836
315722800,43.00416655974786,-78.79059007314112,141.85086484492373,315722.8,86.39999999996508
315722900,43.00416656289424,-78.79059008192114,141.84987849105184,315722.9,86.5
315723000,43.00416657115648,-78.79059007385256,141.85058100493953,315723.0,86.59999999997672
315723100,43.00416658364994,-78.7905900918146,141.84635130996543,315723.1,86.69999999995343
315723200,43.004166573277274,-78.79059007916243,141.8492331842208,315723.2,86.79999999998836
315723300,43.00416657540898,-78.79059008493269,141.8481272905618,315723.3,86.89999999996508
315723400,43.00416658822543,-78.79059010648349,141.84352856344157,315723.4,87.0
